<Report ReportName="Dummy Data" GeneratedOn="2020-11-16" EnvironmentID="1719ecfa-4a13-4460-a2da-48de23854962" EnvironmentName="DUMMY" EnvironmentURL="https://dummy_file.com" WorkspaceID="835d1640-dec8-e911-a2e4-00155d641104" WorkspaceName="Dummy Project" TargetDevice="Pc">
    <Elements>
        <RelaticsParameters>
            <RelaticsParameter Name="User" Value="5914d71c-e0c7-e911-a2e0-00155d641201" DisplayValue="Mark Moerman" />
        </RelaticsParameters>
        <InstanceElement Name="-" CreatedBy="Test User 3" CreatedOn="2020-11-11 12:44:34.417" ForeignKey="5a06ab5b-1124-eb11-a2f4-00155d641104" ID="1d2cd23f-1324-eb11-a2f4-00155d641104" ModifiedBy="Test User 3" ModifiedOn="2020-11-11 12:44:34.417">
            <TypeElement Name="-" ID="fab778e7-ed23-eb11-a2f4-00155d641104" />
        </InstanceElement>
    </Elements>
    <Properties>
        <RelaticsParameters>
            <RelaticsParameter Name="User" Value="5914d71c-e0c7-e911-a2e0-00155d641201" DisplayValue="Mark Moerman" />
        </RelaticsParameters>
        <InstanceElement Name="-" CreatedBy="Test User 3" CreatedOn="2020-11-11 12:44:34.417" ForeignKey="5a06ab5b-1124-eb11-a2f4-00155d641104" ID="1d2cd23f-1324-eb11-a2f4-00155d641104" ModifiedBy="Test User 3" ModifiedOn="2020-11-11 12:44:34.417">
            <InstanceProperty InstanceProperty="A" Value="Value_A" CreatedBy="Test User 3" CreatedOn="2020-11-11 12:44:34.417" ID="1f2cd23f-1324-eb11-a2f4-00155d641104" InstanceOfRef="be96a319-6f79-e311-a222-0024e8431166" ModifiedBy="Test User 3" ModifiedOn="2020-11-11 13:35:58.804" />
            <InstanceProperty InstanceProperty="B" Value="Value_B" CreatedBy="Test User" CreatedOn="2020-03-26 15:11:51.161" ID="d214a7b7-6b6f-ea11-a2eb-00155d641104" InstanceOfRef="be96a319-6f79-e311-a222-0024e8431166" ModifiedBy="Test User" ModifiedOn="2020-03-26 15:11:51.495" />
            <InstanceProperty InstanceProperty="C" CreatedBy="Test User" CreatedOn="2020-03-26 15:11:51.845" ID="ec14a7b7-6b6f-ea11-a2eb-00155d641104" InstanceOfRef="1dc4813a-11e3-61ff-16dc-196c87fa976a" ModifiedBy="Test User" ModifiedOn="2020-03-26 15:11:51.845" />
            <InstanceProperty InstanceProperty="D" CreatedBy="Test User" CreatedOn="2020-03-26 15:11:51.783" ID="de14a7b7-6b6f-ea11-a2eb-00155d641104" InstanceOfRef="1dc4813a-11e3-61ff-16dc-196c87fa976a" ModifiedBy="Test User" ModifiedOn="2020-03-26 15:11:51.783" />
            <InstanceProperty InstanceProperty="E" CreatedBy="Test User" CreatedOn="2020-03-26 15:11:51.799" ID="e014a7b7-6b6f-ea11-a2eb-00155d641104" InstanceOfRef="1dc4813a-11e3-61ff-16dc-196c87fa976a" ModifiedBy="Test User" ModifiedOn="2020-03-26 15:11:51.799" />
            <InstanceProperty InstanceProperty="F" Value="2020-03-26" CreatedBy="SystemUser on behalf of Test User 2" CreatedOn="2020-04-22 11:20:05.039" ID="78caf971-7a84-ea11-a2ec-00155d641103" InstanceOfRef="1dc4813a-11e3-61ff-16dc-196c87fa976a" ModifiedBy="Test User 2" ModifiedOn="2020-04-22 11:24:06.393" />
            <InstanceProperty InstanceProperty="G" CreatedBy="Test User" CreatedOn="2020-03-26 15:11:51.845" ID="ea14a7b7-6b6f-ea11-a2eb-00155d641104" InstanceOfRef="dec7ec99-867b-e311-a222-0024e8431166" ModifiedBy="SystemUser on behalf of Test User 2" ModifiedOn="2020-04-22 11:20:05.023" />
            <InstanceProperty InstanceProperty="H" CreatedBy="Test User" CreatedOn="2020-03-26 15:11:51.830" ID="e814a7b7-6b6f-ea11-a2eb-00155d641104" InstanceOfRef="dec7ec99-867b-e311-a222-0024e8431166" ModifiedBy="SystemUser on behalf of Test User 2" ModifiedOn="2020-04-22 11:20:05.006" />
            <InstanceProperty InstanceProperty="I" CreatedBy="Test User" CreatedOn="2020-03-26 15:11:51.814" ID="e614a7b7-6b6f-ea11-a2eb-00155d641104" InstanceOfRef="1dc4813a-11e3-61ff-16dc-196c87fa976a" ModifiedBy="Test User" ModifiedOn="2020-03-26 15:11:51.814" />
            <InstanceProperty InstanceProperty="J" CreatedBy="Test User" CreatedOn="2020-03-26 15:11:51.767" ID="da14a7b7-6b6f-ea11-a2eb-00155d641104" InstanceOfRef="1dc4813a-11e3-61ff-16dc-196c87fa976a" ModifiedBy="Test User" ModifiedOn="2020-03-26 15:11:51.767" />
            <InstanceProperty InstanceProperty="K" Value="Expired" CreatedBy="Test User" CreatedOn="2020-03-26 15:11:51.748" ID="d714a7b7-6b6f-ea11-a2eb-00155d641104" InstanceOfRef="09be45b0-6e79-e311-a222-0024e8431166" ModifiedBy="Test User 2" ModifiedOn="2020-04-22 10:34:41.313" ValueRef="6db761c8-d67a-e311-a222-0024e8431166" />
            <InstanceProperty InstanceProperty="L" CreatedBy="Test User" CreatedOn="2020-03-26 15:11:51.783" ID="dc14a7b7-6b6f-ea11-a2eb-00155d641104" InstanceOfRef="1dc4813a-11e3-61ff-16dc-196c87fa976a" ModifiedBy="Test User" ModifiedOn="2020-03-26 15:11:51.783" />
            <InstanceProperty InstanceProperty="M" CreatedBy="Test User" CreatedOn="2020-03-26 15:11:51.863" ID="ee14a7b7-6b6f-ea11-a2eb-00155d641104" InstanceOfRef="1dc4813a-11e3-61ff-16dc-196c87fa976a" ModifiedBy="Test User" ModifiedOn="2020-03-26 15:11:51.863" />
            <InstanceProperty InstanceProperty="N" CreatedBy="Test User" CreatedOn="2020-03-26 15:11:51.799" ID="e214a7b7-6b6f-ea11-a2eb-00155d641104" InstanceOfRef="1dc4813a-11e3-61ff-16dc-196c87fa976a" ModifiedBy="Test User" ModifiedOn="2020-03-26 15:11:51.799" />
            <InstanceProperty InstanceProperty="R" CreatedBy="Test User" CreatedOn="2020-03-26 15:11:51.113" ID="d014a7b7-6b6f-ea11-a2eb-00155d641104" InstanceOfRef="1dc4813a-11e3-61ff-16dc-196c87fa976a" ModifiedBy="Test User" ModifiedOn="2020-03-26 15:11:51.113" />
            <TypeElement TypeElement="-" ID="fab778e7-ed23-eb11-a2f4-00155d641104" />
        </InstanceElement>
    </Properties>
</Report>
