[{"InstanceProperty": "Code", "Value": "xxxx", "CreatedBy": "User 1", "CreatedOn": "2020-11-11 12:44:34.417", "ID": "1f2cd23f-1324-eb11-a2f4-00155d641104", "ModifiedBy": "User 1", "ModifiedOn": "2020-11-11 13:35:58.804", "IDElement": "1d2cd23f-1324-eb11-a2f4-00155d641104"}, {"InstanceProperty": "Code2", "Value": "xxxx", "CreatedBy": "User 1", "CreatedOn": "2020-11-11 12:44:34.417", "ID": "1f2cd23f-1324-eb11-a2f4-00155d641102", "ModifiedBy": "User 1", "ModifiedOn": "2020-11-11 13:35:58.804", "IDElement": "1d2cd23f-1324-eb11-a2f4-00155d641104"}, {"TypeElement": "-", "ID": "fab778e7-ed23-eb11-a2f4-00155d641104", "IDElement": "1d2cd23f-1324-eb11-a2f4-00155d641104"}, {"InstanceProperty": "Code", "Value": "xxxx", "CreatedBy": "User 1", "CreatedOn": "2020-11-11 12:44:34.526", "ID": "262cd23f-1324-eb11-a2f4-00155d641104", "ModifiedBy": "User 1", "ModifiedOn": "2020-11-11 13:35:58.851", "IDElement": "242cd23f-1324-eb11-a2f4-00155d641104"}, {"TypeElement": "-", "ID": "fab778e7-ed23-eb11-a2f4-00155d641104", "IDElement": "242cd23f-1324-eb11-a2f4-00155d641104"}, {"InstanceProperty": "Code", "Value": "xxxx", "CreatedBy": "User 1", "CreatedOn": "2020-11-11 12:44:34.620", "ID": "2e2cd23f-1324-eb11-a2f4-00155d641104", "ModifiedBy": "User 1", "ModifiedOn": "2020-11-11 13:35:58.897", "IDElement": "2c2cd23f-1324-eb11-a2f4-00155d641104"}, {"TypeElement": "-", "ID": "fab778e7-ed23-eb11-a2f4-00155d641104", "IDElement": "2c2cd23f-1324-eb11-a2f4-00155d641104"}, {"InstanceProperty": "Code", "Value": "xxxx", "CreatedBy": "User 1", "CreatedOn": "2020-11-11 12:44:34.698", "ID": "362cd23f-1324-eb11-a2f4-00155d641104", "ModifiedBy": "User 1", "ModifiedOn": "2020-11-11 13:35:58.944", "IDElement": "342cd23f-1324-eb11-a2f4-00155d641104"}, {"TypeElement": "-", "ID": "fab778e7-ed23-eb11-a2f4-00155d641104", "IDElement": "342cd23f-1324-eb11-a2f4-00155d641104"}]