{
  "scriptFile": "__init__.py",
  "bindings": [
    {
      "authLevel": "anonymous",
      "type": "httpTrigger",
      "direction": "in",
      "name": "req",
      "methods": [
        "get",
        "post"
      ]
    },
    {
      "type": "http",
      "direction": "out",
      "name": "$return"
    },
    {
      "name": "inputblob",
      "type": "blob",
      "dataType": "binary",
      "path": "xmltojson/dummy_file_loop_updated.xml",
      "connection": "AzureWebJobsStorage",
      "direction": "in"
    },
    {
      "name": "outputblob",
      "type": "blob",
      "path": "xmltojson/output.json",
      "connection": "AzureWebJobsStorage",
      "direction": "out"
    }
  ]
}